s	covariate	fen1	fen2	fen3	fen4	fen5	fen6	Height	Weight
XV9529	21.79			10	50			153	51
DZ0262	18.87	4	3	15	27	178	204	166	52
FQ4293	18.37	10	5	1	100	195		165	50
HF8896	17.65	4	7	5	30	150	180	170	51
GT8455	29.38	3	3		35	200		165	80
CX0654	20.57	0.5	6	10	90			165	56
ZU0003	21.48	10	2	10	50	150		160	55
DY2921	15.62	0	0	3	10	54		164	42
QT9394	20.83	0	0	20	35	165	183	161	54
VM9135	24.38	5	4	100	100			180	79
GV9187									
TP9749	21.05	0.67	8	50	50			173	63
GQ1198									
HE8426	16.85	0	0	3	5			167	47
WU7252	24.57	4	10	50	50	285	355	186	85
CD7073									
PS8217	24.09	1	2	50	30	200	250	168	68
XE1111	17.30	3	8	0	30			170	50
CU9393	20.80							167	58
ZT3983	17.21	15	10	30	60			167	48
ZG3557	25.31	2		20	30			180	82
CD2058	20.76			2	30			170	60
MP4943									
EP0808	29.39	5	10	120	100	180		175	90
HI7473	32.87		2		30			195	125
MZ6996									
MH6699	25.22	3	2	20	5	185	190	163	67
HG5891	23.66	6	8	76	100			172	70
PM2745	17.94	0.75	4	42	100			153	42
MU4327	31.25	2	4	20	100	161		160	80
AN2507	22.89							155	55
BN3958	20.90	0	0	5	30			168	59
HP3151									
NA9706	20.31			3	50			169	58
ZF6619	33.52	3	4	25	50	170	190	177	105
AV9784	21.05	11		10	20			173	63
PC7596	22.58	15	4	16	30	170		163	60
SN8406	19.81	6	12	25	80			162	52
WS0961	19.03	2	2	10	60			170	55
MU3014	18.21	2	4	0	40	130	270	169	52
BH5133	21.89	0		3	40	90		171	64
JK7914									
QY7376									
DY6617	24.58	5	3	35	60	230		177	77
JY5830	18.52	16	12	10	50	185		161	48
HZ6393	31.20	3	4	7	20	157		167	87
OD3613									
EB3120	19.81	2	2	7	25	150	160	162	52
AG7637	18.21		3	10	30			169	52
QJ5393	19.00	2	6	20	5	60		167	53
RS3826	22.09	6	18	77				178	70
RJ0996	16.42	4	2	35	25			158	41
ZX8409	25.93	2	10	30	20	240		180	84
CF3047		0		30	50	200	400		
HB3339									
ZM3444	26.22	3	5	40	35			179	84
RF4596	20.08	3	0	50	60			164	54
QP0595	20.69	8	2	23	35	190		166	57
CO2676	26.30	10	6	40		250		195	100
KL2762				5	100				
TD5534	26.78	0.08	6	30	40	160		175	82
XX0948			4		30			169	
HA4106	18.37	10	4	12	40	157	110	165	50
DF7640				20	60	90	125		
HU8964	18.78	2	2	13	60			168	53
BX4328				20	10	170			
AN8355	20.70	7	12	30	5	185		163	55
GO0440	24.61		9	15	30			165	67
YA4125	21.36	7	8	30	100	186		159	54
PT4900	19.92		6	20	25	170		160	51
VZ5881	22.51	1.5	25	11	45			152	52
LX3344	20.96	0.4	1	7	42			162	55
YX3783	19.37	8	6	80		173	300	176	60
YX3783									
VJ3710	19.23	0.33	4	7	3	170		166	53
OA1073		5	4	15	50			168	
AR6371	17.67	2	2	15	45			156	43
IL4763		3	7	10	45	160			
YW2091	29.94	5	21	27	35	210	300	180	97
YO8931	21.97	4	5	15	35	165		172	65
OW3455	20.60	0.25	20	25	5	120	135	183	69
VF7723									
OW1202			0		30	35	100		
DW4853	18.21	15	10	5	50			169	52
TK6609									
GC5376		3	12	40	80	210			
VZ2268	24.97	7	24	6	40	170	180	179	80
YA0883									
DE2527				15	60	120	140		
JX9254	20.32	12	2	15	50			163	54
IG4660	19.82	3	5	50	80	160	200	174	60
ZK6555	17.51	5	6	30	35	100	250	169	50
IK4988		5	14	20	35	200			
CK4171	20.08	2		15	30			164	54
KC3729	20.01	4	10	30	120			183	67
OS6156				60	70	285	510		
FH9847									
KN9674	19.03	7	4	5	3			170	55
FB8233	30.12	0.17		2	20			168	85
YS1015	18.37	5	6	25	65	185	310	165	50
FW6424	26.56	0.25		12		150	150	154	63
EW8472	17.21		2	6	40			167	48
ZN4201									
OT8771	24.61	0	7	15	60	105	200	165	67
LS4892	23.36	10	10	20	20	210	350	178	74
GF7288	19.68		3	10	100			161	51
TY4377									
BU2473	19.96			25	3	180	200	166	55
DQ2532	17.51	8	4	7	37	185		174	53
SB8458	18.59	1	2	0	30	150		164	50
MA1689				25	50	175	185		
MA1689									
LW6504	28.01	0	2		20	65	73	169	80
SX4099	19.56	3	2	7	25			155	47
EE0784									
CS2847	19.54	3	3	3	40	164	175	181	64
BO1589	25.91	2	12	80	50	250		169	74
UC6001	22.15	4	4		45			170	64
TU1609	20.70	0	2	10	40	150		160	53
VG6864	22.27			5	10			160	57
GE5093	24.46		3					163	65
KP1711									
CH9133	20.70	6	0					160	53
ZB5532	24.61	0.25	6	10	35	170	190	165	67
ME8383	19.00	3	3	1	100			167	53
MN1974	19.14	0		50	80	240		180	62
RI5525	18.05	2	5	25	55	70	70	160	46.2
YO2421	18.36	0	2	25	50	170		160	47
OI6967	22.83	2	4	20	60	160	170	158	57
NZ3363	20.43	11	9	10	60			177	64
ZE3765	25.39	5	12	10	70	170	180	173	76
XC1030		7	6	10	3	175	180	60	57
WA3485	16.33	15	2			205		166	45
FZ9607	20.76	7	3	10				170	60
MZ4322	18.37	11	2	10				153	43
VB8709	25.50	5	6	12	30			176	79
GM0905	21.88	0		20	40	210		160	56
RI3009	24.16		3	0	30	150		175	74
CA6128	18.59	3	1	25	39			187	65
KA2293	19.38	2		10	60	170		170	56
ZT2118	22.15	15	12	15		65	175	170	64
PZ6098	25.95	2	2	10	30	140		170	75
HO6684	26.20	0	8	8	28	170	180	178	83
KY1026	23.51	5	6	50	100			175	72
AA3194	23.05	0		1	20	100	110	160	59
TZ6884	19.49	0.17	5	10	30			168	55
FZ1968	26.30	3	5	20	50	210		185	90
GX8260	21.48	3	5	50	10	250		160	55
DE3830	24.91	6	8	10	50	150		170	72
OH5879	17.99	1		10	50	180	210	170	52
CD4807	20.31	2	6	20	30			169	58
RI4965	20.20	17	8					168	57
MY5908	19.03	0	0	45	70	210	320	170	55
WY9916	15.24	10	3	7	50			168	43
GG5679		3	6	15	50				
AA2790	18.69	2	6	0	40			170	54
FT5859	16.26	3	0		40			170	47
HU4526									
QG5933	20.05	4	3	20	40			173	60
VO4423	21.30		8	10	0			165	58
LV3569	19.03	0	1	14	38	205		170	55
RL2940	18.67	0	5	5	7			162	49
UD2579	26.53	3	9	32		210		179	85
RD9290	27.76	14	6	50		220	270	185	95
UU4105	20.57	6	4	10	100		130	159	52
XL5734	23.26	0	5	30	50	180		171	68
WO4637	17.42	2	5	10	50			166	48
AQ1019	18.59	5	2	15	50	160	180	164	50
XV1096	17.36	2	3	10	100			168	49
OP5664	19.38	0		5				159	49
AY7561	25.10	4	4	5	30	150	250	152	58
QA8560	19.47	15	2	10	40	150	200	165	53
BF4773	23.83	0	0	30	50	170		156	58
IV9910	21.27	10	4	15	25	167		184	72
YL1756	20.07	16	5	15	100	170		170	58
BI0273	29.32	11	8	35	100	200		180	95
JC0561	18.97	0	0			174		154	45
MS0666	18.82	2	4	3	70	169	200	181.5	62
ND0561	17.04	5		2	40			173	51
UL0624	25.65	1	3	20	80	160		164	69
AN4891	20.70	0.5	7	0	50			163	55
ED1106	19.23	17	2	20	60	195		158	48
PB3778	20.31	0	0	17	50	195		169	58
LQ9950	25.51	0	0	0	20	164	170	168	72
GD3404	20.34	2	8	20	100			176	63
IU5661	19.23		0	12	40	165		158	48
MU5308	23.53		7	5	45	176		170	68
XP5615	19.56	1	4	15	45	170		150	44
GD7108	20.44	3	7	15	50	190	210	167	57
YH1413	19.49	1.5	9	10	50			174	59
ZG3797	22.31	6	3					164	60
CF4359	20.70	2	2	20	50	184		160	53
PC2894	23.03	14	8	30	60	201	525	168	65
AH4708	19.84	0.67	6	30	35			171	58
FJ0208	27.72	0	2	6	30	120		172	82
PZ0216	18.20	0	2	12	2			159	46
BY3808	31.55	0		7	35	155		167	88
FZ0234	22.83	0		20	20			158	57
HP4175	29.41	0	3	20	30	170		170	85
AB9398	16.49	5	6	0	50			167	46
GB6813	17.93	0	0	5	35	147		167	50
VI1160	20.08	0	2	5	60	160	250	164	54
HQ6377									
ET8948	20.86	0	0	5	50			171	61
OH0292	17.63	2	12	5	30	150		158	44
FZ1471	25.39	6	2	5	15	160	160	160	65
KO3536	26.03	0	0	5	15			164	70
EW0164	23.37	8	6	100	60	279		185	80
GT7598	19.71	0.25	7	30	50			164	53
DZ0098	18.42	0	6	20	100	170		168	52
HV1653	20.96	13	8	35	3			159	53
VY4984	21.56	3	6	13				164	58
NH9378	21.11	0.25	2	1	2			170	61
ZK1440	19.59	0	3	20	35	200		175	60
DX4597	18.42	0		5	10			168	52
VD2718	21.56	1	14	5	40	148		164	58
HC0417									
FS3533	20.72	0	2	15	40			149	46
QC9376	21.09	10	2	18	35	175		160	54
TC9289	21.22	0	3	50	6			175	65
NX0932	18.43	10	3	15		120	150	158	46
LC6522	0.23		2	15	40			156	57
LD8824	19.47	6	3	15	50			165	53
MF9299	20.31	2.5	2		15			160	52
IP0213	22.27		4	15	100			160	57
GI5792	18.83	0		16	43			158	47
MD8715	24.16	4	10	40	40			175	74
BP0473	18.65	5	4	5	50			167	52
XL4109	22.66	1	14					160	58
TW5368	22.43	0		11	30			158	56
NP1111	21.67	5	3	0	40	160		165	59
KN2166	21.91	17	12	100	130	247	430	180	71
ZV7734	20.57	5	6	30	50	110		165	56
WR9088	20.90	0	3	50	20	210		175	64
UU7603	24.21	3	6	25	40	230	310	196	93
AJ8095	22.65	5	7	50	100	170		172	67
ZR6483	18.26	1	1	9	9	150	190	148	40
EQ7596	19.14	8	8	30	30	180		160	49
ES3544	23.10	1	4					179	74
AZ0474	18.49	3	2	20	30	190		156	45
PF1604	29.65	0.5	9	20	40	190		179	95
CN7031	30.78	3	5	30	40	210	300	171	90
NC3731	23.89	7	10	45	60	280		183	80
GJ3713	20.02	5	2	30	100	240	140	176	62
XX7018	18.00	6	7	3	40			165	49
ER8544	22.09	11	3	35	100	250	400	178	70
QC8394	20.08	2	8	15	50	164	180	164	54
YL8298	21.72	0.25	5	0	15			173	65
FI4953	33.17	1	3		30			187	116
OW9759	17.58	1	3	10	2			172	52
ER9617	18.17	0	1	10	20	140		154	43.1
MO3508	19.78	0	3	5	40			159	50
LO4128	17.85	3	3	10	3			164	48
RV0091	25.46	0	0	5	10			188	90
AU5205	25.93	2	1	50	30	245		180	84
XS1439	20.83	4	12					158	52
PZ3244	20.44	3	4	5	50	125		167	57
SE5618	22.21	4	5	30	50			163	59
HO6478	22.58	6	8	14	100	160		163	60
QC1621	23.05	3	4	13	30	145	170	164	62
RH2903	24.76	8	2	41	40	212		182	82
TV1947	15.78	2	2					185	54
XA4226	30.43			3	50			157	75
FB1030	21.63	5	0	0	10	30		158	54
IC3773	19.24	2	1	80	100			188	68
IA2389	22.03	2	2	5	20	100	150	158	55
OZ1282	23.05	13	2	15	70			164	62
GR3862	18.81	0	0	3	3	150	170	171	55
JE3183	18.73	1				155	175	155	45
OV0627	22.04	0	2	8	50			165	60
QX3871	16.00		3	7	20	185		162	42
MZ2391	23.20	3	2	60	60			181	76
DI5559	27.53	2	3	7	7			156	67
RY6301	20.31	5	1	10	40	150	170	160	52
GL1334	22.84	7	2	15	70			170	66
ME2683	15.92	14	3	0	50	110	170	170	46
JJ6876	20.31	3	3		50			160	52
WO4157	22.20	0		1	30	100		175	68
PM3610	21.15	1	1	3	50			178	67
XL7508	21.87	3	2	10	20			167	61
JM8282	22.84	0.17	4	10	36	120	180	170	66
AZ4153	18.06	5	10	20	65	140		161.3	47
IE0744	22.27	15	2	15	30	110		160	57
PL3801	20.07	20	6	25	80			170	58
RB1984	18.36	4	2	10	100			160	47
SJ7163	20.11	8	6	150	14	200		177	63
KN6969	25.89	15	4	23	70			156	63
LC0269	24.97	0	2	25	60			155	60
WE2194	21.56	5	6	2	61	185		164	58
DB0052		1	8					-	-
VG5270	19.71	0		7	16			164	53
KO3742	22.04	1	5	20	50	120	150	165	60
YI0919	20.53	0.58	5	18	38			157	50.6
RC9085	22.38	0	3	11	30			161	58
DG7599	18.82	6	9	15	20			163	50
FO9419									
PU0997	17.65	0.25	3	10	30			170	51
FC1633	19.10	0.08	2	5	2			165	52
XC4877	23.32	10	8					172	69
NP5690	19.95	0	3	3	50	185		163	53
GM5938	25.34	2	3	8	20	110	150	165	69
YH6909	21.71	11	2	5				177	68
KC6771		0.17	4	2	6	140	170		
AI3337		4	3	9	27				
GW9608									
QX4069									
IA2272		0.17	1	7					
GA2409	22.84		3	0	25			170	66
UA9890	24.28		6	7	40	200	400	171	71
ZN4599									
UV8816	17.97	10	4	20	100	210		160	46
OV2268	22.21		3	20	30			163	59
WI9203	20.55	4	11	25	40	180	300	168	58
QW0985	17.58	2	8	10	40	150	200	160	45
WB4516	19.63	5		30	56			158	49
YM0005	21.17	0	0	3	30	150	200	149	47
RT1837	17.97	0	0	10	30	180	200	160	46
DF2625	19.26	12	6	25	100	195		169	55
IG9073	24.22	9	9	20	50			160	62
MG6328	21.78	15	6					178	69
LD5028	22.22	1	1	20	40	110	120	150	50
OT6205	22.53	0.5	1	90	1	30	97	175	69
CI0909	21.99	0	0	10	70	160		161	57
GQ4366	21.34	2	3	4	40			162	56
BM7919	18.29	0	0	10	30			167	51
VJ1136	17.34	5	8	20	100	175	200	186	60
CM9889	18.67	5	5	15	10	150	170	162	49
EQ1037	18.71			7	30			173	56
IW6865									
YV4122	22.48	0.17	8	5	40			162	59
AD2649	18.67	4	6	9	20			162	49
UM7065	18.07	2	6	20	70			163	48
CW0002	26.26	3	1					169	75
EZ9659	17.78	0	2	50	70			171	52
LX7568	24.66	15	1	0	0			179	79
MP0362	21.76	6	2	25		200		159	55
PK7407	27.44	0	2	30	30			176	85
SH6365	20.98	4	2	30	50	170	240	176	65
UN2388	27.70	0.5	0		50			152	64
NT7866	18.96	15	3	25	30	175	260	164	51
YW6696	21.91	15	18	70	80	250	400	185	75
SU7830	18.75			3	30	160	165	160	48
QF1354	19.79	2	3	35	50			177	62
FL2201	18.65	1	2	10	30			167	52
FH4848	26.18	5	10	10	60	210	420	167	73
QA1763	21.23	4	7	20	100			158	53
UO5745	24.84	16	21					185	85
SM6823	17.84	10	7	50	50	200	300	174	54
CN9714	18.90		5	17	30			161	49
IZ9098	17.51	10	6	15	50	210		169	50
AI7015	23.15	4	2	4	25			161	60
VU3378	21.47		5	5	45			174	65
TZ8088	19.92	7	10	10	50	180	260	175	61
WY1665	22.72	8	4	30	60			173	68
XK8911	18.99		1	1	6			159	48
RD2410	20.57	6	4	15	50			159	52
VF7251	22.06		2	25	40			155	53
RY9024	18.59	3	2	20	36			164	50
SY4387		8	3					162	
VR0659	24.46	0.17	10	0	20	150		163	65
ZF9050	22.41	0	2	20	60	160	220	165	61
KB7820	33.13	2	3	0	2	70	65	172	98
UL7454	20.32	0	3	20	40	195	240	166	56
TG4187									
ZU7677									
OW7183									
WC5546	40.39	20		10	28	90	110	162	106
AP3446	19.43			10	30			162	51
QK9278	22.72	1	1	40				173	68
BG1935									
QV2461									
BY9078	20.76	3	6	10	35			170	60
TY9053	25.63							153	60
EC6882	16.26	5	5	7	30	200		170	47
GV4170	20.70							160	53
VM1256	19.38							159	49
NU1255	29.27							159	74
YY7346	20.24	5	18	15				175	62
XB2880	26.04							158	65
VC8716	18.96							164	51
CG5686	17.16							169	49
ZE5729									
HP6253									
HX2600									
HR4777									
MY9397		5	3	5	36	160	170		
KZ7824									
QM1364									
DI0998									
XH0276									
QU9665		8	5	20	30	180			
WD6493									
XI0440		0.8	8	25	3	210	350		
UA8611									
DP8563									
IZ0436		7	18	60	70				
BC4107				3	37				
QN7683									
ZY8374									
PQ1545		10	4	30	25	170			
OX9493		6	6	50	10	210			
XP5995		7	10	20	10				
BQ8830									
OR0390									
VB8030		2	4	25		200	300		
ED9372			6	40	100	190			
PJ7391									
RM3962									
QN5570		4	10	40	40	260	200		
RU0308									
BT4935									
EU4093		5	5	5	30	150			
VZ9495		5	5	5	30				
SV7797		5	6	10		30	40		
TJ3350		0.67	4	24	40	180			
UV9673									
TQ1877									
JP7042									
CT1343									
ZP7715									
YU6060		0.33	5	5	5	150			
SE3670									
TY1373									
HH9066		3	6	10	36	185			
FB3614									
BU8785		10	8		70	257			
FC3506		3	8	5	30	120	123		
UI1147		2	3	15	30	104	138		
WS0524									
LE6132		4	8	18	100	165	270		
OW5773		2	2	5					
LG2188		3	4	15	30				
LJ0221									
HI2003				3	40				
BV6531		12	5	10	35	190			
AG6225									
KW9120									
PE2272				10	40	150			
UG9183	17.71		2	10	60			173	53
AY2257	17.15	1	1	5	15	160		162	45
IW8630		6	1					161.5	54
WY7449	20.58	6	12			120	150	162	54
UJ6111	23.81	7	7		46			169	68
GO1208	19.71	1	4	30	24	130	140	164	53
YB1682	16.61	0	5	20	15			159	42
YN4741	20.03	0.25	1	30	60	185		158	50
DA6407	26.77	2	3	11	40	160		164	72
PO2222	17.53	1	3	15	60			162	46
WN3036	18.29		0		12			167	51
ZF0141	20.40	1	1	10	20			155	49
CL8817	19.00	3	10	15	100	208		167	53
QE1124	18.34	0.75	3	15	40	180		170	53
QM3394	22.60	11	18	20	7	196	315	156	55
AC1584	19.72	0	0	5	3	70	80	167	55
NV0710	28.04	3	5	10	30			158	70
FG1811	18.81	15	10	5	60	150	200	171	55
MO2807	26.83			35	25			178	85
OP6969		3	2	5	20	180	190	70	55
SH1564	19.38			1	5			159	49
JU5776	20.70	4	3	10	30			160	53
PO5522	21.80	2	6	20	100			170	63
SF9007	21.45	12	8	15	60	180		170	62
EV9257	27.83	0	2	4	60			154	66
SY6317	17.48	10	8	20	80	155	170	155	42
JH5029	21.77	7	3	15	30	150	300	166	60
OG3321	20.44	7	2	12		200	300	167	57
OK7806	18.75	0.33	16	15	55	170	210	160	48
HY1031	18.96		8	1	15	130	180	164	51
QO7088	21.26		3	2	30	110	115	168	60
GJ0032	19.96	0.17	2	10	50	130	180	169	57
HL3627		0.17	7	10	70	110			
BO6968	19.61			50		170		172	58
BO5598	24.45	2	8	25	40	180	350	182	81
LJ5824	29.76	5	3	5	50	160	180	169	85
YU3158	20.52	2	3	48				178	65
SY6804	24.09	5	5	5	45	170		168	68
UP0687	20.20	3	2	18	5	160	170	162	53
JM9322	20.05		5	80		170	160	173	60
UY6593	19.72	7	8	20	50			167	55
DK8873	23.05	0.17	6	20	30	250		173	69
JN4504	16.85	1	5	11	30			167	47
ZV1331	20.32		1	10	20	120	100	166	56
FC0791	30.48	1	2	3	20	20	40	162	80
HF1297	30.36	3						154	72
DA5219	21.71							169	62
YB1989	16.96							170	49
RM1164	33.09	2	3	3	20	150		164	89
WJ2033		8	2	20		200		169	
EI4501	19.25	1	6	30	30	170		178	61
IH9858	19.47	5	3	20	35	110		157	48
DE6916	21.11	2	2	5	25			170	61
PT8968	31.22	2	6	5	50	100	120	165	85
WF0999	28.73	12	12	40	50	180		175	88
DB9046	21.38	0						173	64
ZK4659	37.45	4	8	23	50			176	116
JM1816	20.70	6	12	15	30			160	53
AP8288	27.34	10	6	10	30	150		160	70
RK0598	20.50	2	3	7	40			153	48
ZS2283	19.84	2	4	1				168	56
MJ2530	29.77	3		5	20	150	200	186	103
TD8454	19.53	1	4					160	50
HD1711	19.93	2	8	25	40	500	750	194	75
UN9151	20.90	12	10	45	65	200		183	70
WY6516	22.81	1	6	15	100			151	52
SL6261	19.88	0		1	30			157	49
WY7431	25.61	10	6	20	70			170	74
GY5240	33.60	13	3	60	30			185	115
MZ0098	22.40	2	5	33	30	225		183	75
WP3315	20.61	15	10	20	30			197	80
JQ9310	29.00	6	3	80	30	248		181	95
PK5575	20.57	0	3	10	25			165	56
WS4641									
JP5020	20.16	0	4	20	30			185	69
NF3845	22.28	5	9	45	50			181	73
TD2267	22.55	5	6	7	50	130	200	159	57
RH2895	19.81	7	3	4	35	100	175	162	52
UH5016	18.18	0	2	8	2	50	80	152	42
HZ7862	22.48	0		70	30	155		155	54
UH4688	19.00	15	2	19	2	160	170	167	53
IL1744	28.37	1	12	12	26	180	380	183	95
XJ4904	19.43	6	3	2	30	150	150	162	51
GM8056	24.38	6	3	2	2	180	185	167	68
WV0942	18.94	2	3	10	30	160	170	178	60
CQ7798	21.75	1	4	20	10			147	47
OZ7248	17.71	4	4	15	55	14		154	42
WN4547	23.03	1.5	6	25	70	295	650	191	84
WI0145	18.96	4	4	14	20	200		164	51
OA9712	18.37	1	6	15	60			153	43
MN5843	23.14	8	20	10	30	130		165	63
HA2647	18.43			15	60	160	220	158	46
GH7369	20.08	10	6	10	30	169	200	164	54
RU0076									
CA3596	18.91	3	7	15	10			169	54
MX1486	22.83		6	5	30	180	230	158	57
EV4480	18.37	7	6	5	50	180		165	50
BG6660	18.29	3	2	2	35	170	175	162	48
BT7227	16.90	0.33	4	32	120	180	230	165	46
RB0481	18.56	7	4	10	5	130		169	53
TB2780	17.04	10	9	10	20	160	220	157	42
GT1559	26.57	0	2	2	50	160	210	168	75
DO7707	18.25	2	8	1	70	200	200	172	54
IM9829	18.37	7	12	35	60	150	170	165	50
LE4442	18.59	5	12	3	60	190	250	172	55
UB4908	22.94	13	4	30	15			159	58
AZ6588	26.77	1		5	30			164	72
MP0727	18.83	5	7	8	50	187	210	158	47
TK3895	23.89	5	1	5	3	175	187	176	74
GM2612	20.06	3	6	15	70			161	52
HT1995	15.42	5	6	50	45	202		167	43
VZ0056	19.95	5	6					163	53
IL9226	22.22	5	8	65		170	420	180	72
TJ9803	22.49	5	14	20	4	170		170	65
SN3399	18.67	7	6	26	2	180		162	49
HV4699	22.86	5	6	5	20	150	200	175	70
BC2846	20.23	0	6	0	30	170		186	70
LK0252	23.57	5	6	50	80	130	230	176	73
IA8949	19.47	3	11	53	78	220		171	56.92
EI0673	20.34	5	15	2	45			152	47
UK8024	22.58	3			50	150	170	163	60
QW1603	28.08	0.5	2	15	50	195		182	93
SF2838	20.57	5	12	30	50	190	220	159	52
YO8840	23.23	0.4	3	15	40	150	150	158	58
YA4760	14.50		3	10	40	185		164	39
DM8111									
DW6429	22.10	2	6	22		150		183	74
JM0537	33.14	0	0	5	25	150	150	178	105
GE4971	21.22	0.5	4	30	80	190		175	65
VR3091									
OF6408	22.21	5	10	15	1	160		163	59
UM5119	18.81		10	10	35	175		171	55
CJ9222	21.97	5	3	20	50	175	185	172	65
JS8005	24.34	5	20	80	60	230	310	172	72
ET4806	24.16	0	14	45	25	175	190	169	69
BU4693	23.67			60		400	620	178	75
XH6109	34.34	11	12	40	40			183	115
LO8277	32.05	3		10	10	150	160	181	105
JX4446	20.70			5	50			160	53
KK0742	22.13	2	6		60			174	67
QC0011	18.64	1	3	25	50			191	68
DA8478	28.08	7	4	50	100			174	85
YR2857	28.74	15	2	20	40			174	87
MU8815		1	6	18	3				
PS8696	16.80	2		9	28	160	210	160	43
MW8474	20.06							180	65
BO4070	15.57	4		30	50			170	45
GB3042	19.57	4	3	5	20	150	180	163	52
RL9184	17.65	7	4	0	20			170	51
XP3164									
DI0279		3	2	30	50	160	170		
VR6201									
